{
  "collapse-filter": false,
  "search": "",
  "showTags": false,
  "showAttachments": false,
  "hideUnresolved": false,
  "showOrphans": true,
  "collapse-color-groups": true,
  "colorGroups": [],
  "collapse-display": false,
  "showArrow": false,
  "textFadeMultiplier": 0.3,
  "nodeSizeMultiplier": 1.15968858131488,
  "lineSizeMultiplier": 1.10882352941176,
  "collapse-forces": false,
  "centerStrength": 0.503460207612457,
  "repelStrength": 8.6159169550173,
  "linkStrength": 1,
  "linkDistance": 250,
  "scale": 1.437305127713512,
  "close": true
}