{
  "main": {
    "id": "0298ec7a72e572f1",
    "type": "split",
    "children": [
      {
        "id": "2539fab6808f0c82",
        "type": "tabs",
        "children": [
          {
            "id": "c8e55823a30eaaaf",
            "type": "leaf",
            "state": {
              "type": "markdown",
              "state": {
                "file": "DE Learning/SQL/Data Modelling & warehouse.md",
                "mode": "source",
                "source": false
              },
              "icon": "lucide-file",
              "title": "Data Modelling & warehouse"
            }
          },
          {
            "id": "377dacc01fe3ebd5",
            "type": "leaf",
            "state": {
              "type": "markdown",
              "state": {
                "file": "DE Learning/SQL/Data Modelling & warehouse.md",
                "mode": "source",
                "source": false
              },
              "icon": "lucide-file",
              "title": "Data Modelling & warehouse"
            }
          },
          {
            "id": "6d75f580d2ed0355",
            "type": "leaf",
            "state": {
              "type": "markdown",
              "state": {
                "file": "VS/short command.md",
                "mode": "source",
                "source": false
              },
              "icon": "lucide-file",
              "title": "short command"
            }
          },
          {
            "id": "1f34029d6971dffb",
            "type": "leaf",
            "state": {
              "type": "markdown",
              "state": {
                "file": "System Design/SCALE FROM ZERO TO MILLIONS OF USERS.md",
                "mode": "source",
                "source": false
              },
              "icon": "lucide-file",
              "title": "SCALE FROM ZERO TO MILLIONS OF USERS"
            }
          },
          {
            "id": "dbc72f74a741a095",
            "type": "leaf",
            "state": {
              "type": "markdown",
              "state": {
                "file": "GenAI/Challenges.md",
                "mode": "source",
                "source": false
              },
              "icon": "lucide-file",
              "title": "Challenges"
            }
          },
          {
            "id": "475d7a673b33d149",
            "type": "leaf",
            "state": {
              "type": "markdown",
              "state": {
                "file": "Migration/Usecases.md",
                "mode": "source",
                "source": false
              },
              "icon": "lucide-file",
              "title": "Usecases"
            }
          },
          {
            "id": "5c99029b3939e667",
            "type": "leaf",
            "state": {
              "type": "image",
              "state": {
                "file": "Pasted image 20240718112727.png"
              },
              "icon": "lucide-image",
              "title": "Pasted image 20240718112727"
            }
          },
          {
            "id": "99eb26fd14209f48",
            "type": "leaf",
            "state": {
              "type": "markdown",
              "state": {
                "file": "BPI/Notes.md",
                "mode": "source",
                "source": false
              },
              "icon": "lucide-file",
              "title": "Notes"
            }
          },
          {
            "id": "924216b71d25f543",
            "type": "leaf",
            "state": {
              "type": "markdown",
              "state": {
                "file": "BPI/Notes.md",
                "mode": "source",
                "source": false
              },
              "icon": "lucide-file",
              "title": "Notes"
            }
          },
          {
            "id": "8759431c85a15ff3",
            "type": "leaf",
            "state": {
              "type": "markdown",
              "state": {
                "file": "Interview/Q. Asked.md",
                "mode": "source",
                "source": false
              },
              "icon": "lucide-file",
              "title": "Q. Asked"
            }
          },
          {
            "id": "7fd771272edabc9c",
            "type": "leaf",
            "state": {
              "type": "markdown",
              "state": {
                "file": "DE Learning/SQL/SQL tips.md",
                "mode": "source",
                "source": false
              },
              "icon": "lucide-file",
              "title": "SQL tips"
            }
          },
          {
            "id": "300496f02dab01a1",
            "type": "leaf",
            "state": {
              "type": "markdown",
              "state": {
                "file": "Snowflake/notes.md",
                "mode": "source",
                "source": false
              },
              "icon": "lucide-file",
              "title": "notes"
            }
          },
          {
            "id": "1688ad82e6f2d16a",
            "type": "leaf",
            "state": {
              "type": "markdown",
              "state": {
                "file": "DE Learning/python/Basic command.md",
                "mode": "source",
                "source": false
              },
              "icon": "lucide-file",
              "title": "Basic command"
            }
          }
        ],
        "currentTab": 3
      }
    ],
    "direction": "vertical"
  },
  "left": {
    "id": "9c5b80d367b17db5",
    "type": "split",
    "children": [
      {
        "id": "5cd4fcbf2148a591",
        "type": "tabs",
        "children": [
          {
            "id": "663b6c5b9aa0cf33",
            "type": "leaf",
            "state": {
              "type": "file-explorer",
              "state": {
                "sortOrder": "alphabetical"
              },
              "icon": "lucide-folder-closed",
              "title": "Files"
            }
          },
          {
            "id": "8e1938b7705ca093",
            "type": "leaf",
            "state": {
              "type": "search",
              "state": {
                "query": "",
                "matchingCase": false,
                "explainSearch": false,
                "collapseAll": false,
                "extraContext": false,
                "sortOrder": "alphabetical"
              },
              "icon": "lucide-search",
              "title": "Search"
            }
          },
          {
            "id": "31ed68b5f1baa572",
            "type": "leaf",
            "state": {
              "type": "bookmarks",
              "state": {},
              "icon": "lucide-bookmark",
              "title": "Bookmarks"
            }
          }
        ]
      }
    ],
    "direction": "horizontal",
    "width": 300
  },
  "right": {
    "id": "9853b15be39731c3",
    "type": "split",
    "children": [
      {
        "id": "b64349f374af765e",
        "type": "tabs",
        "children": [
          {
            "id": "61f1b1cde161e0e9",
            "type": "leaf",
            "state": {
              "type": "backlink",
              "state": {
                "file": "BPI/Notes.md",
                "collapseAll": false,
                "extraContext": false,
                "sortOrder": "alphabetical",
                "showSearch": false,
                "searchQuery": "",
                "backlinkCollapsed": false,
                "unlinkedCollapsed": false
              },
              "icon": "links-coming-in",
              "title": "Backlinks for Notes"
            }
          },
          {
            "id": "11bece23c30e691d",
            "type": "leaf",
            "state": {
              "type": "outgoing-link",
              "state": {
                "file": "BPI/Notes.md",
                "linksCollapsed": false,
                "unlinkedCollapsed": true
              },
              "icon": "links-going-out",
              "title": "Outgoing links from Notes"
            }
          },
          {
            "id": "8a59a7c4be4a5022",
            "type": "leaf",
            "state": {
              "type": "tag",
              "state": {
                "sortOrder": "frequency",
                "useHierarchy": true
              },
              "icon": "lucide-tags",
              "title": "Tags"
            }
          },
          {
            "id": "d42b61d85c63f0eb",
            "type": "leaf",
            "state": {
              "type": "outline",
              "state": {
                "file": "BPI/Notes.md"
              },
              "icon": "lucide-list",
              "title": "Outline of Notes"
            }
          }
        ]
      }
    ],
    "direction": "horizontal",
    "width": 279.5,
    "collapsed": true
  },
  "left-ribbon": {
    "hiddenItems": {
      "switcher:Open quick switcher": false,
      "graph:Open graph view": false,
      "canvas:Create new canvas": false,
      "daily-notes:Open today's daily note": false,
      "templates:Insert template": false,
      "command-palette:Open command palette": false
    }
  },
  "active": "1f34029d6971dffb",
  "lastOpenFiles": [
    "Interview/MUST SKILLS.md",
    "System Design",
    "System Design/SCALE FROM ZERO TO MILLIONS OF USERS.md",
    "Snowflake/notes.md",
    "DE Learning/Pyspark/Pyspark command.md",
    "DE Learning/Pyspark/Pyspark ai.md",
    "DE Learning/Pyspark/OOM.md",
    "DE Learning/Pyspark/gpt notes.md",
    "DE Learning/Pyspark/By Example Blog.md",
    "DE Learning/SQL/NamasteSQL.md",
    "DE Learning/SQL/Data Modelling & warehouse.md",
    "DE Learning/SQL/SQL tips.md",
    "DE Learning/SQL/sql_scratch.md",
    "DE Learning/SQL/TOP SQL Q..md",
    "DE Learning/SQL/VIEW-FUNCTION-STORE PROCEDER.md",
    "DE Learning/SQL/Window function.md",
    "DE Learning/Zach Wilson/takeaway.md",
    "Snowflake/Questions.md",
    "Migration/Code.md",
    "Migration/Usecases.md",
    "Migration/RDS-S3 partation.md",
    "Interview/profile.md",
    "Interview/Q. Asked.md",
    "AWS/S3.md",
    "AWS/Step function.md",
    "VS/short command.md",
    "chunking.png",
    "DE Learning/Zach Wilson",
    "Snowflake",
    "Multimodel.png",
    "VS",
    "Untitled 1.canvas",
    "Untitled.canvas",
    "nepolean_usecase.png",
    "Pasted image 20240718125338.png",
    "Pasted image 20240718112727.png",
    "gpt 3-4.png",
    "Learning timeline.canvas",
    "Pasted image 20240919121255.png",
    "Pasted image 20240919121328.png",
    "BPI",
    "Screenshot 2024-07-29 140707.png",
    "Screenshot 2024-07-29 140328.png",
    "Migration",
    "GenAI",
    "DE Learning/Data Warehousing",
    "Interview",
    "AWS"
  ]
}